year,gmsl_variation_with_gia,gmsl_variation_with_gia_std
1993.011526,-38.61,89.88
1993.038692,-42,90.93
1993.065858,-41.96,87.31
1993.093025,-42.69,90.79
1993.120191,-37.85,90.29
1993.147357,-36.07,89.99
1993.174523,-36.09,88.77
1993.201689,-35.5,89.51
1993.228855,-35.43,88.78
1993.283188,-37.47,87.41
1993.310354,-34.46,87.29
1993.33752,-36.56,86.34
1993.364686,-38.71,86.2
1993.391852,-40.14,85.05
1993.419018,-38.25,85.14
1993.446185,-35.95,85.33
1993.473351,-35.12,83.45
1993.500517,-35.28,82.97
1993.527683,-35.69,84.64
1993.582015,-35.58,87.15
1993.609181,-33.99,87.86
1993.636348,-30.12,88.69
1993.663514,-29.62,88.27
1993.69068,-30.38,86.41
1993.717846,-31.84,86.31
1993.745012,-28.64,86.59
1993.772178,-26.41,87.93
1993.799345,-29.17,86.01
1993.853677,-31.3,85.79
1993.880843,-32.26,85.38
1993.908009,-34.1,85.56
1993.935175,-32.06,85.07
1993.962341,-28.15,85.76
1993.989508,-30.91,85.21
1994.016674,-33.1,84.66
1994.04384,-30.64,83.7
1994.071006,-29.07,82.7
1994.098172,-33.86,81.82
1994.125338,-37.16,81.2
1994.152505,-36.53,83.02
1994.179671,-31.99,85.44
1994.234003,-28.4,84.14
1994.261169,-31.62,84.19
1994.288335,-31.4,84.19
1994.315501,-32.99,83.21
1994.342668,-34.3,82
1994.369834,-34.87,82.62
1994.397,-37.61,82.27
1994.424166,-35.13,81.12
1994.451332,-32.29,81.96
1994.505664,-38.25,80.66
1994.532831,-32.46,82.67
1994.559997,-31.11,85.68
1994.587163,-30.96,86.44
1994.614329,-31.29,86.51
1994.641495,-28.49,88.74
1994.668661,-26.62,91.5
1994.695828,-24.98,93.07
1994.722994,-25.76,95.94
1994.75016,-26.67,91.89
1994.777326,-25.14,92.37
1994.804492,-22.96,92.05
1994.831658,-25.19,94.63
1994.885991,-27.94,95.78
1994.913157,-31.66,92.29
1994.940323,-27.4,90.93
1994.967489,-25.52,92.02
1994.994655,-24.48,95.24
1995.021821,-24.26,94.21
1995.048988,-27.11,90.21
1995.076154,-24.77,91.92
1995.10332,-29.99,88.81
1995.130486,-33.55,89.03
1995.157652,-28.4,88.79
1995.211984,-23.39,92.08
1995.239151,-30.06,87.7
1995.266317,-30.81,87.22
1995.293483,-30.76,87.1
1995.320649,-29.6,85.65
1995.374981,-32.9,82.64
1995.402148,-31.21,81.07
1995.429314,-28.53,83.42
1995.45648,-31.53,82.12
1995.483646,-32.77,81.03
1995.537978,-31.78,81.86
1995.565144,-30.34,81.12
1995.592311,-29.58,80.31
1995.619477,-27.59,83.29
1995.646643,-26.46,82.57
1995.673809,-23.72,82.92
1995.700975,-22.19,84.43
1995.728141,-16.76,84.87
1995.755307,-22.36,85.86
1995.782474,-23.42,86.79
1995.836806,-23.92,82.66
1995.863972,-24.9,82.67
1995.891138,-23.28,82.45
1995.945471,-26.84,81.23
1995.972637,-21.14,79.99
1995.999803,-26.03,80.22
1996.026895,-29.86,80.8
1996.053987,-31.56,81.16
1996.081079,-32.91,81.16
1996.108171,-26.8,83.5
1996.162355,-26.72,82.47
1996.189447,-30.09,84.06
1996.216539,-28.24,84.4
1996.243631,-28.28,86.2
1996.270723,-31.58,84.88
1996.297815,-31.62,82.21
1996.324907,-28.79,82.45
1996.351998,-28.75,84.8
1996.37909,-30.16,83.08
1996.406182,-28.27,83.33
1996.433274,-28.01,82.17
1996.487458,-27.3,81.77
1996.51455,-26.89,80.55
1996.541642,-25.43,82.39
1996.568734,-21.24,83.79
1996.595826,-23.28,81.71
1996.622918,-23.11,82.51
1996.65001,-23.22,84.22
1996.677102,-24.34,85.03
1996.704194,-21.54,85.64
1996.731285,-19.13,87.98
1996.758377,-18.65,85.11
1996.812561,-17.15,86.08
1996.839653,-13.08,86.81
1996.866745,-17.97,88.59
1996.893837,-23.05,85.98
1996.920929,-22.23,84.64
1996.948021,-21.68,83.6
1996.975113,-27.41,85.99
1997.002211,-28.54,85.77
1997.029377,-26.39,86.16
1997.056543,-29.03,87.33
1997.083709,-26.63,86.18
1997.138042,-28.49,85.71
1997.165208,-28.28,86.18
1997.192374,-28.64,89.48
1997.21954,-26.34,88.61
1997.246706,-25.03,88.13
1997.273872,-23.94,87.36
1997.301038,-28.92,85.24
1997.328205,-27.71,84.7
1997.355371,-24.64,84.85
1997.382537,-28.64,87.13
1997.409703,-24.59,89.41
1997.464035,-27.21,89.98
1997.491202,-24.31,92.67
1997.518368,-23.57,92.97
1997.545534,-18.78,95.11
1997.5727,-19.24,94.95
1997.627032,-16.96,100.14
1997.654198,-14.78,103.6
1997.681365,-13.91,106.43
1997.708531,-11.27,108.82
1997.735697,-9.03,109.26
1997.790029,-11,113.92
1997.817195,-12.06,113.37
1997.844362,-10.8,116.13
1997.871528,-14.67,117.77
1997.898694,-15.42,115.84
1997.92586,-13.84,118.79
1997.953026,-21.94,117.69
1997.980192,-20.15,113.48
1998.007358,-23.26,110.67
1998.034525,-19.58,105.31
1998.088857,-20.97,108.29
1998.116023,-21.07,104.89
1998.143189,-22.24,103.12
1998.170355,-23.57,102.33
1998.197521,-20.99,100.81
1998.224688,-21.03,101.6
1998.251854,-21.81,98.65
1998.27902,-19.9,99.45
1998.306186,-22.39,98.76
1998.333352,-23.02,99.28
1998.360518,-25.66,96.91
1998.414851,-28.62,98.83
1998.442017,-27.86,99.23
1998.469183,-29.1,96.72
1998.496349,-25.99,95.09
1998.523515,-26.41,91.97
1998.550681,-27.93,92.55
1998.605014,-26.38,91.4
1998.63218,-26.62,91.34
1998.659346,-23.06,92.47
1998.686512,-21.81,90.94
1998.713678,-22.45,90.85
1998.740845,-22.29,89.27
1998.768011,-21.19,92.38
1998.822343,-20.41,90.14
1998.849509,-22.61,88.17
1998.876675,-22.78,88.34
1998.903841,-26.51,86.89
1998.931008,-22.29,86.3
1998.958174,-26.23,83.85
1998.98534,-25.08,84.11
1999.012506,-26.81,84.14
1999.039672,-24.94,82.36
1999.094005,-29.48,86.65
1999.121171,-18.93,87.16
1999.148337,-21.88,84.98
1999.175503,-20.26,86.31
1999.202669,-22.08,88.09
1999.229835,-21.03,90.82
1999.257001,-23.22,90.95
1999.284168,-22.15,91.32
1999.3385,-25.28,88.95
1999.365666,-23.37,87.28
1999.392832,-24.54,86.4
1999.419998,-23.37,85.15
1999.447164,-26.83,84.99
1999.474331,-24.87,81.66
1999.501497,-23.68,82.69
1999.528663,-21.6,82.58
1999.555829,-21.7,82.39
1999.582995,-20.7,83.71
1999.610161,-21.92,84.07
1999.637328,-16.62,84.23
1999.69166,-15.94,86.28
1999.718826,-12.49,86.49
1999.745992,-13.24,88.5
1999.773158,-9.93,87.44
1999.800324,-12.94,87.3
1999.827491,-13.57,87.36
1999.854657,-14.92,88.15
1999.881823,-14.11,86.57
1999.908989,-16.52,85.31
1999.963321,-15.39,83.57
1999.990488,-15.94,83.17
2000.017605,-17.99,81.82
2000.044697,-17.02,83.84
2000.071789,-16.71,83.62
2000.098881,-20.47,84.56
2000.125973,-21.3,85.68
2000.153065,-17.93,87.19
2000.180157,-18.05,87.64
2000.207249,-20.1,89.14
2000.234341,-16.63,90.43
2000.288525,-21.85,87.97
2000.315617,-20.76,88.67
2000.342709,-22.6,87.93
2000.369801,-21.54,88.18
2000.396892,-21.46,87
2000.423984,-21.59,85.81
2000.451076,-22.56,84.19
2000.478168,-23.15,86.08
2000.50526,-21.14,83.86
2000.532352,-19.27,84.98
2000.586536,-21.41,83.67
2000.613628,-17.57,83.31
2000.64072,-12.62,84.93
2000.667812,-15.18,85.46
2000.694904,-14.02,87.53
2000.721996,-9.25,85.69
2000.749088,-6.82,83.81
2000.776179,-6.17,84.13
2000.803271,-8.95,86.34
2000.857455,-8.17,84.06
2000.884547,-11.5,84.11
2000.911639,-12.79,83.03
2000.938731,-16.38,82.47
2000.965823,-16.6,82.72
2000.992915,-13.84,80.75
2001.020062,-15.14,80.49
2001.074394,-15.48,81.77
2001.10156,-14.63,82.54
2001.128726,-17.11,84.09
2001.155892,-13.22,85.42
2001.183059,-10.23,85.29
2001.210225,-17.42,85.08
2001.237391,-13.71,86.01
2001.264557,-14.66,86.64
2001.291723,-12.08,85.27
2001.318889,-13.91,84.89
2001.346055,-16.57,84.61
2001.373222,-17,83.01
2001.400388,-17.25,82.35
2001.427554,-17.27,82.31
2001.45472,-17.63,82.28
2001.481886,-13.19,82.58
2001.509052,-10.64,82.76
2001.536218,-9.87,82.26
2001.563385,-13.63,83
2001.590551,-8.76,83.79
2001.617717,-10.15,82.73
2001.644883,-8.21,84.82
2001.672049,-6.16,85.38
2001.699215,-3.21,85.22
2001.726382,-2.02,84.2
2001.753548,0.02,83.68
2001.780714,-4.34,84.37
2001.80788,-8.23,87.46
2001.835046,-4.38,86.73
2001.862212,-3.11,85.47
2001.889378,-8.19,83.3
2001.916545,-9.7,83.29
2001.943711,-11.47,81.65
2001.970877,-10.65,82.12
2001.998043,-9.21,83.63
2002.025209,-13.56,82.98
2002.052375,-11.5,81.12
2002.079542,-8.38,81.62
2002.106708,-10.79,80.62
2002.133874,-11.41,80.6
2002.16104,-8.39,80.62
2002.188206,-14.08,81.19
2002.215372,-12.88,80.55
2002.242538,-11.96,82.32
2002.269705,-9.45,81.69
2002.296871,-13.3,78.66
2002.324037,-12.02,79.24
2002.351203,-13.92,80.15
2002.378369,-12.26,81.66
2002.405535,-12.35,79.91
2002.432702,-15.36,79.38
2002.459868,-14.21,78.74
2002.487034,-9.45,81.52
2002.5142,-10.29,82.49
2002.541366,-7.75,83.06
2002.568532,-5.96,84.33
2002.595698,-3.51,82.42
2002.622865,0.04,85.1
2002.650031,-2.91,87.09
2002.677197,-2.28,91.53
2002.704363,-0.68,92.54
2002.731529,0.23,92.25
2002.758695,-1,91.72
2002.785861,1.16,96.22
2002.813028,5.78,97.31
2002.840194,0.47,96.53
2002.86736,0.67,93.73
2002.894526,-0.03,92.61
2002.921692,-4.16,92.23
2002.948858,-4.64,92.18
2002.976025,-4.24,90.27
2003.003191,-7.01,88.93
2003.030357,-9.27,88.14
2003.057523,-2.26,87.78
2003.084689,-2.86,87.01
2003.111855,-1.02,86.67
2003.139021,-7.05,87.45
2003.166188,-6.92,88.47
2003.193354,-6.01,89.78
2003.22052,-4.77,88.34
2003.247686,-5.26,86.31
2003.274852,-4.76,87.76
2003.302018,-6.47,85.83
2003.329185,-7.91,84.89
2003.356351,-7.87,84.2
2003.383517,-7.86,84.44
2003.410683,-8.03,82.63
2003.437849,-10.63,82.41
2003.465015,-7.83,81.74
2003.492181,-8.81,82.15
2003.519348,-7.26,83.45
2003.546514,-3.89,84.21
2003.57368,-5.17,85.02
2003.600846,-3.37,84.61
2003.628012,-4.61,85
2003.655178,0.86,87.89
2003.682345,2.67,86.94
2003.709511,1.24,87.17
2003.736677,1.85,89.16
2003.763843,3.3,89.53
2003.791009,2.26,89.26
2003.818175,4.57,91.85
2003.845341,1.28,89.92
2003.872508,-1.28,87.86
2003.899674,-6.29,92.4
2003.92684,0.32,86.53
2003.954006,0.4,84.94
2003.981172,-3.65,84
2004.008316,-3.95,84.29
2004.035407,0.67,86.79
2004.062499,0.63,86.08
2004.089591,-1.91,83
2004.116683,-9.01,83.37
2004.143775,-4.25,83.14
2004.170867,-2.76,84.16
2004.197959,-4.69,85.03
2004.225051,-4.77,85.7
2004.252143,-3.16,87.02
2004.279235,-4.78,87.02
2004.306327,-3.13,85.47
2004.333419,-7.51,83.07
2004.360511,-9.05,82.62
2004.387603,-12.9,84.28
2004.414694,-9.33,83.5
2004.441786,-10.44,82.26
2004.468878,-7.95,83.02
2004.49597,-2.25,81.4
2004.523062,-1.97,83.23
2004.550154,-2.67,84.16
2004.577246,-3.47,82.88
2004.604338,-1.23,85
2004.63143,2.55,86.52
2004.658522,2.42,88.01
2004.685614,2.88,88.77
2004.712706,7.44,89.53
2004.739798,4.32,87.31
2004.76689,4.6,88.73
2004.793981,5.71,88.05
2004.821073,3.33,88.41
2004.848165,3.28,88.98
2004.875257,3.2,88.11
2004.902349,-0.45,87.46
2004.929441,3.42,86.65
2004.956533,1.64,86.85
2004.983625,5.32,86.03
2005.010746,-2.46,86.51
2005.037912,-3.15,85.41
2005.065079,0.52,85.21
2005.092245,1.51,84.67
2005.119411,1.3,85.86
2005.146577,0.06,87.19
2005.173743,4.31,89.92
2005.200909,3.1,89.17
2005.228075,-2.31,85.65
2005.255242,-0.47,83.07
2005.282408,2.9,83.98
2005.309574,-2.79,85.32
2005.33674,-1.63,84.97
2005.363906,-0.64,85.18
2005.391072,-0.49,83.82
2005.418239,-0.77,83
2005.445405,-0.66,82.71
2005.472571,0.53,81.75
2005.499737,-0.61,82.15
2005.526903,2.69,82.04
2005.554069,0.96,81.26
2005.581235,4.43,81.47
2005.608402,2.55,81.37
2005.635568,3.64,82.43
2005.662734,5.58,82.85
2005.6899,6.82,84.61
2005.717066,9.13,92.07
2005.744232,9.41,84.26
2005.771399,8.95,82.89
2005.798565,6.02,84.08
2005.825731,7.05,86.18
2005.852897,10.29,87.03
2005.880063,8.81,85.73
2005.907229,8.83,84
2005.934395,6.97,83.57
2005.961562,5.89,83.22
2005.988728,5.25,83.74
2006.015894,2.21,81.86
2006.04306,0.99,82.54
2006.070226,1.26,82.19
2006.097392,1.27,85.23
2006.124559,0.03,85.19
2006.151725,1.05,87.27
2006.178891,3.44,87.21
2006.206057,-2.79,88.09
2006.233223,-0.78,88.08
2006.260389,0.08,85.63
2006.287555,-1.95,86.38
2006.314722,-3.2,86.27
2006.341888,-3.2,84.24
2006.369054,-0.08,83.93
2006.39622,1.76,83.94
2006.423386,0.14,83.46
2006.450552,1.52,82.97
2006.477718,2.21,81.72
2006.504885,4.75,81.4
2006.532051,6.17,81.47
2006.559217,5.38,81.46
2006.586383,5.55,81.99
2006.613549,3.53,84.4
2006.640715,6.47,85.34
2006.667882,10.31,88.24
2006.695048,12.85,87.25
2006.722214,14.2,87.85
2006.74938,10.16,88.4
2006.776546,10.1,89.51
2006.803712,12.73,88.73
2006.830878,12.48,89.15
2006.885211,10.93,88.66
2006.912377,6.58,87.1
2006.939543,9.37,87.11
2006.966709,5.98,84.88
2006.993875,6,83
2007.021042,4.59,81.7
2007.048208,3.19,82.9
2007.075374,2.81,84.15
2007.10254,2.37,85.31
2007.129706,3.38,85.01
2007.156872,7.4,87.1
2007.184038,4.1,89.03
2007.211205,3.31,89.55
2007.238371,1.84,88.09
2007.265537,4.76,89.18
2007.292703,4.46,86.61
2007.319869,3.2,85.35
2007.347035,-1.8,84.93
2007.374202,1.27,85.61
2007.401368,1.74,83.03
2007.428534,1.77,82.52
2007.4557,1.48,81.3
2007.482866,2.85,83.74
2007.510032,3.54,83.06
2007.537198,2.35,81.63
2007.564365,1.17,80.5
2007.591531,2.97,82.11
2007.618697,8.94,81.11
2007.645863,6.46,82.22
2007.673029,5.61,84.18
2007.700195,6.8,85.74
2007.727361,10.66,87.72
2007.754528,8.86,88.04
2007.781694,8.38,88.13
2007.80886,11.35,86.98
2007.836026,9.05,86.11
2007.863192,10.86,85.02
2007.890358,11.95,83.85
2007.917525,9.91,82.93
2007.944691,8.47,82.37
2007.971857,3.28,81.56
2007.999023,2.56,83.13
2008.026118,4.95,83.52
2008.05321,6,84.48
2008.080301,4.81,85.41
2008.107393,0.89,87.27
2008.134485,3.38,89.2
2008.161577,0.82,90.06
2008.188669,3.14,90.84
2008.215761,3.5,90.06
2008.242853,1.39,89.86
2008.269945,0.86,89.18
2008.297037,0.84,89.6
2008.324129,-1.81,88.69
2008.351221,0.14,87.49
2008.378313,4.67,84.93
2008.405405,7.68,85.31
2008.432497,5.98,85.17
2008.459588,6.83,82.43
2008.48668,8.15,82.41
2008.513772,7.61,82.4
2008.540864,7.33,83.96
2008.567956,8.23,85.74
2008.595048,8.35,84.64
2008.62214,11.43,84.75
2008.649232,10.97,86.45
2008.676324,12.05,87.11
2008.703416,11.07,87.85
2008.730508,12.98,87.31
2008.7576,13.78,85.45
2008.784692,14.41,87.29
2008.811784,14.64,86.92
2008.838875,12.73,85.7
2008.865967,12.48,85.38
2008.893059,10.86,85.49
2008.920151,15.21,84.76
2008.947243,10.56,84.61
2008.974335,7.04,83.14
2009.001431,8.12,83.71
2009.028597,7.68,82.14
2009.055763,9.43,83.95
2009.082929,6.67,83.21
2009.110096,5.84,84.68
2009.137262,8.37,85.69
2009.164428,8.63,86.07
2009.191594,8.46,86.1
2009.21876,9.16,85.29
2009.245926,7.98,85.55
2009.273092,7.04,85.82
2009.300259,7.38,84.86
2009.327425,6.7,84.04
2009.354591,7.82,84.19
2009.381757,6.48,83.33
2009.408923,4.84,82.05
2009.436089,7.64,81.61
2009.463256,8.57,80.16
2009.490422,7.23,78.67
2009.517588,6.64,79.72
2009.544754,10.25,79.92
2009.57192,15.5,80.62
2009.599086,13.93,81.92
2009.626252,14.31,85.17
2009.653419,16.27,85.37
2009.680585,18.14,85.57
2009.707751,20.73,85.74
2009.734917,21.11,86.12
2009.762083,20.49,86.12
2009.789249,21.43,85.78
2009.816415,22.93,87.2
2009.843582,23.55,89.36
2009.870748,19.51,87.79
2009.897914,20.43,88.36
2009.92508,17.94,88.15
2009.952246,14.38,87.17
2009.979412,18.51,87.83
2010.006579,14.27,87.15
2010.033745,13.99,85.62
2010.060911,12.43,84.59
2010.088077,9.84,84.61
2010.115243,14.19,87.19
2010.142409,17.28,87.21
2010.169575,18.91,88.69
2010.196742,10.88,86.53
2010.223908,11.55,85.83
2010.251074,10.78,86.46
2010.27824,12.59,85.46
2010.305406,11.65,84.26
2010.332572,10.36,84.44
2010.359739,11.28,84.77
2010.386905,14.49,84.8
2010.414071,13.22,83.29
2010.441237,14.02,85.23
2010.468403,15.51,84.36
2010.495569,14.84,83.31
2010.522735,12.86,83.01
2010.549902,14.93,82
2010.577068,14.74,82.57
2010.604234,13.49,85.54
2010.6314,15.57,86.3
2010.658566,12.03,87.59
2010.685732,15.1,89
2010.712899,16.54,90.34
2010.740065,15.47,90.22
2010.767231,14.29,91.91
2010.794397,18.6,90.44
2010.821563,16.69,90.49
2010.848729,14.3,90.49
2010.875895,14.53,88.33
2010.903062,11.12,89.22
2010.930228,11.07,89.48
2010.957394,10.18,88.06
2010.98456,11.89,89.16
2011.011726,9.56,89.56
2011.038892,8.41,91.7
2011.066059,8.52,89.92
2011.093225,8.79,89.85
2011.120391,9.12,90.38
2011.147557,8.9,89.83
2011.174723,7.65,91.07
2011.201889,7.8,91.29
2011.229055,3.66,91.38
2011.256222,6.38,90.91
2011.283388,6.37,92.14
2011.310554,5.62,91.71
2011.33772,2.53,89.42
2011.364886,7.42,87.73
2011.392052,8.07,85.76
2011.419218,6.71,86.22
2011.446385,10.77,83.28
2011.473551,13.77,82.72
2011.500717,10.87,82.28
2011.527883,11.2,80.86
2011.555049,11.86,82.05
2011.582215,13.83,83.43
2011.609382,18.36,83.55
2011.636548,19.29,85.98
2011.663714,21.31,86.91
2011.69088,20.54,89.29
2011.718046,18.65,88.13
2011.745212,20.77,88.41
2011.772378,22.59,87.89
2011.799545,24.58,90.07
2011.826711,18.84,89.48
2011.853877,16.47,88.99
2011.881043,17.54,85.53
2011.908209,20.63,85.27
2011.935375,18.11,83.49
2011.962542,16.94,82.9
2011.989708,16.52,82.6
2012.016828,19.38,81.65
2012.04392,18.46,81.61
2012.071012,20.14,81.27
2012.098104,18.9,82.71
2012.125195,19.91,84.45
2012.152287,18.94,85.75
2012.179379,17.12,87.23
2012.206471,17.05,87.62
2012.233563,18.1,86.45
2012.260655,16.74,87.81
2012.287747,17.22,87.41
2012.314839,17.98,87.7
2012.341931,17.38,87.8
2012.369023,17.94,86.38
2012.396115,16.07,84.8
2012.423207,17.79,84.34
2012.450299,22.21,83.51
2012.477391,20.62,82.65
2012.504482,20.6,82.58
2012.531574,25.05,83.24
2012.558666,27.56,83.58
2012.585758,26.75,84.01
2012.61285,27.79,85.62
2012.639942,24.81,87.1
2012.667034,29.77,87.38
2012.694126,29.62,86.37
2012.721218,32.97,85.86
2012.74831,33.06,87.82
2012.775402,33.77,85.47
2012.802494,31.82,85.43
2012.829586,31.54,84.98
2012.856677,31.78,83.74
2012.883769,30.69,82.61
2012.910861,29.55,81.54
2012.937953,32.13,80.05
2012.965045,27.95,80.76
2012.992137,29.27,80.86
2013.019282,27.52,80.54
2013.046448,26.29,80.95
2013.073614,28.69,81.31
2013.10078,28.16,81
2013.127946,26.21,81.66
2013.155113,26.45,83.61
2013.182279,27.63,85.01
2013.209445,26.64,86.32
2013.236611,26.8,84.11
2013.263777,25.4,87.06
2013.290943,20.88,86.08
2013.318109,23.2,88.25
2013.345276,23.47,89.21
2013.372442,20.75,88.13
2013.399608,19.72,87.02
2013.426774,20.08,85.75
2013.45394,20.2,83.96
2013.481106,22.21,81.9
2013.508272,21.21,82.77
2013.535439,22.28,82.07
2013.562605,25.78,83.09
2013.589771,27.14,82.51
2013.616937,23.32,84.46
2013.644103,26.36,84.26
2013.671269,28.41,83.8
2013.698436,29.58,85.49
2013.725602,29.65,87.13
2013.752768,30.77,88.5
2013.779934,30.65,87.46
2013.8071,32.96,85.85
2013.834266,32.94,86.27
2013.861432,31,84.39
2013.888599,30.97,83.34
2013.915765,30.43,83.56
2013.942931,25.8,83.15
2013.970097,26.34,83.75
2013.997263,27.55,81.67
2014.024429,26.52,81.98
2014.051596,27.38,81.13
2014.078762,27.03,82.99
2014.105928,28.14,83.96
2014.133094,29.74,83.72
2014.16026,30.2,86.5
2014.187426,28.75,86.1
2014.214592,28.02,86.94
2014.241759,28.36,86.15
2014.268925,26.54,84.25
2014.296091,24.23,84.07
2014.323257,22.31,84.81
2014.350423,22.81,84.6
2014.377589,21.55,85.23
2014.404756,23.01,83.96
2014.431922,24.21,83.61
2014.459088,23.81,81.12
2014.486254,26.68,80.44
2014.51342,29.01,79.46
2014.540586,30.18,80.15
2014.567752,29.36,82.11
2014.594919,33.05,82.72
2014.622085,34.51,83.79
2014.649251,35.25,84.81
2014.676417,34.74,86.29
2014.703583,35.87,88.04
2014.730749,33.83,87.7
2014.757915,35.97,87.24
2014.785082,39.21,88.11
2014.812248,38.14,87.32
2014.839414,34.4,88.77
2014.86658,33.91,89.06
2014.893746,30.31,87.75
2014.920912,32.68,85.33
2014.948079,38.69,84.73
2014.975245,34.88,84.35
2015.002411,29.33,84.68
2015.029577,32.41,85.61
2015.056743,32.67,83.6
2015.083909,35.74,86.09
2015.111075,34.76,87.68
2015.138242,38.56,87.71
2015.165408,36.88,86.39
2015.192574,34.32,88.6
2015.21974,34.49,90.12
2015.246906,36.44,90.58
2015.274072,35.34,90.75
2015.301239,35.12,90.41
2015.328405,34.76,88.79
2015.355571,32.49,89.44
2015.382737,30.95,89.95
2015.409903,34.53,90.63
2015.437069,36.61,91.21
2015.464235,38.35,89.65
2015.491402,40.03,90.59
2015.518568,40.51,91.83
2015.545734,42.92,91.29
2015.5729,43.48,95.02
2015.600066,44.63,97.47
2015.627232,43.41,98.9
2015.654399,50.18,99.01
2015.681565,50.45,103.04
2015.708731,49.7,101.05
2015.735897,49.93,103.04
2015.763063,50.87,106.31
2015.790229,51.18,106.83
2015.817395,53.33,107.67
2015.844562,49.8,107.35
2015.871728,46.55,105.38
2015.898894,49.87,105.26
2015.92606,47.08,104.9
2015.953226,43.98,103.07
2015.980392,42.04,101.22
2016.007538,40.21,100.03
2016.03463,45.54,102.26
2016.061722,48.09,100.03
2016.088814,42.48,98.48
2016.115906,45.54,95.49
2016.142997,44.55,95.6
2016.170089,44.92,96.37
2016.197181,43.7,96.91
2016.224273,46.76,94.9
2016.251365,43.22,96.12
2016.278457,42.63,95.34
2016.305549,39.59,93.71
2016.332641,38.34,93.58
2016.359733,36.67,92.84
2016.386825,36.22,92.95
2016.413917,38.97,92.93
2016.441009,39.22,90.99
2016.468101,41.73,90.4
2016.495193,40.65,90.12
2016.522284,40.72,88
2016.549376,40.88,86.99
2016.576468,39.2,87.23
2016.60356,40.1,87.14
2016.630652,40.27,88.33
2016.657744,44.93,88.47
2016.684836,47.73,88.09
2016.711928,46.7,87.35
2016.73902,44.05,88.66
2016.766112,43.55,89.91
2016.793204,46.23,89.19
2016.820296,47.32,87.33
2016.847388,47.07,87.71
2016.87448,48.26,85.68
2016.901571,50.66,85.24
2016.928663,45.7,83.47
2016.955755,43.25,82.12
2016.982847,42.62,81.21
2017.009966,41.09,79.41
2017.037133,41.58,80.56
2017.064299,39.7,81.27
2017.091465,39.09,81.3
2017.118631,38.44,83.57
2017.145797,40.35,82
2017.172963,39.86,83.92
2017.200129,40.48,86.46
2017.227296,41.63,87.64
2017.254462,42.43,87.46
2017.281628,39.72,85.75
2017.308794,40.05,85.5
2017.33596,38.46,84.09
2017.363126,39.02,83.05
2017.390293,36.03,82.25
2017.417459,39.31,83.98
2017.444625,39.97,83.38
2017.471791,40.11,83.1
2017.498957,40.02,83.77
2017.526123,40.37,82.86
2017.553289,42.73,81.92
2017.580456,47.28,83.83
2017.607622,46.43,83.81
2017.634788,46.9,86.07
2017.661954,49.68,86.35
2017.68912,51.75,87.04
2017.716286,51.53,86.98
2017.743453,49.01,87.75
2017.770619,49.39,89.27
2017.797785,50.52,89.46
2017.824951,50.59,88.24
2017.852117,52.84,86.53
2017.879283,51.55,85.91
2017.906449,52.97,86.95
2017.933616,51.18,86.52
2017.960782,50.43,85.92
2017.987948,46.52,84.71
2018.015114,45.71,84.28
2018.04228,45.85,82.65
2018.069446,46.37,83.33
2018.096613,47.95,85.47
2018.123779,44.62,85.96
2018.150945,41.64,84.68
2018.178111,46.49,85.18
2018.205277,46.53,85.99
2018.232443,43.14,84.8
2018.259609,40.36,84.78
2018.286776,42.27,84.27
2018.313942,42.36,82.83
2018.341108,43.27,80.75
2018.368274,42.86,80.49
2018.39544,42.82,79.98
2018.422606,45.14,80.61
2018.449772,44.6,80.66
2018.476939,43.1,80.44
2018.504105,43.59,79.99
2018.531271,46.76,81.55
2018.558437,48.95,83.93
2018.585603,47.99,84.24
2018.612769,49.13,87.09
2018.639936,50.46,86.98
2018.667102,53.1,87.92
2018.694268,56.57,92.1
2018.721434,55.82,91.84
2018.7486,59.22,93.14
2018.775766,57.02,93.69
2018.802932,57.42,93.18
2018.830099,58.7,94.58
2018.857265,55.94,94.66
2018.884431,53.32,93.05
2018.911597,51.02,92.11
2018.938763,51.92,89.23
2018.965929,51.02,87.56
2018.993096,50.21,86.09
2019.020262,48.69,86.64
2019.047428,54.07,85.95
2019.074594,51.16,85.72
2019.10176,53.33,86.68
2019.128926,51.46,86.94
2019.156092,50.49,89.77
2019.183259,51.64,88.05
2019.210425,53.67,88.13
2019.237591,50.88,88.14
2019.264757,49.71,87.55
2019.291923,47.75,86.58
2019.319089,51.6,87.53
2019.346256,52.88,86.34
2019.373422,50.93,84.27
2019.400588,49.96,83.34
2019.427754,50.4,83.45
2019.45492,53.27,82.73
2019.482086,52.28,82.94
2019.509252,52.48,82.78
2019.536419,55.05,84.45
2019.563585,54.86,85.44
2019.590751,55.92,84.22
2019.617917,60.34,85.24
2019.645083,63.2,88.8
2019.672249,62.26,90.69
2019.699415,64.44,93.21
2019.726582,64.02,91.71
2019.753748,61.58,92.53
2019.780914,62.89,92.56
2019.80808,60,92.96
2019.835246,58.75,92.38
2019.862412,62.59,92.56
2019.889579,61.9,93.71
2019.916745,60.35,92.59
2019.943911,60.06,91.33
2019.971077,56.79,90.86
2019.998243,56,88.12
2020.02534,53.01,88.18
2020.052432,51.26,88.36
2020.079524,53.31,86.75
2020.106616,48.1,89.12
2020.133708,54.14,87.57
2020.1608,52.92,87.59
2020.187891,55.19,88.17
2020.214983,52.21,89.14
2020.242075,53.01,88.95
2020.269167,52.35,87.78
2020.296259,50.43,85.88
2020.323351,54.01,84.07
2020.350443,56.84,86.01
2020.377535,55.75,85.16
2020.404627,53,86.84
2020.431719,53.65,84.29
2020.458811,50.79,82.69
2020.485903,52.57,83.29
2020.512995,53.76,81.85
2020.540087,55.46,82.89
2020.567178,56.41,84.59
2020.59427,57.44,86.75
2020.621362,56.24,85.65
2020.648454,59.99,87.6
2020.675546,62.72,89.77
2020.702638,63.37,88.75
2020.72973,62.3,88.74
2020.756822,64.44,90.45
2020.783914,64.04,90.85
2020.811006,61.64,92.21
2020.838098,64.16,92.26
2020.86519,63.05,90.34
2020.892282,58.94,89.38
2020.919374,59.38,87.61
2020.946465,56.92,86.15
2020.973557,58.08,85.63
2021.000651,59.45,86.27
2021.027817,59.56,84.83
2021.054983,59.6,85.6
2021.08215,59.84,87.11
2021.109316,55.91,87.72
2021.136482,53.99,86.77
2021.163648,53.28,87.4
2021.190814,55.22,86.54
2021.21798,55.93,86.12
2021.245146,58.93,86.75
2021.272313,57.76,86.57
2021.299479,57.81,85.66
2021.326645,56.08,84.27
2021.353811,56.21,84.78
2021.380977,57.45,85.63
2021.408143,56.6,83.78
2021.43531,54.43,82.44
2021.462476,57.03,82.11
2021.489642,56.44,82.69
2021.516808,59.06,82.99
2021.543974,58.67,84.72
2021.57114,61.81,88.56
2021.598306,64.25,88.34
2021.625473,67.03,85.9
2021.652639,64.13,86.05
2021.679805,66.81,87.77
2021.706971,68.81,87.81
2021.734137,67.36,90.52
2021.761303,68.78,92.23
2021.788469,68.69,93.85
2021.815636,69.82,92.76
2021.842802,66.98,90.33
2021.869968,63.97,90.96
2021.897134,64.58,90.51
2021.9243,66.1,90.84
2021.951466,62.15,90.79
2021.978633,61.8,87.66
2022.005799,63.62,86.74
2022.032965,64.04,86.36
2022.060131,63.8,85.15
2022.087297,62.29,85.29
2022.114463,62.82,83.99
2022.141629,58.15,86.29
2022.168796,56.15,88.27
2022.195962,59.74,87.18
2022.223128,59.06,87.63
2022.250294,60.7,88.24
2022.27746,61.85,87.2
2022.304626,59.94,88.54
2022.331793,61.98,87.16
2022.358959,57.14,85.93
2022.386125,55.78,86.47
2022.413291,55.36,85.9
2022.440457,57.31,86.89
2022.467623,55.98,86.07
2022.494789,61.41,87.44
2022.521956,64.57,86.81
2022.549122,64.72,86.41
2022.576288,62.06,85.94
2022.603454,62.9,88.09
2022.63062,68.7,88.5
2022.657786,69.88,89.55
2022.684953,71.41,91.62
2022.712119,69.08,92.79
2022.739285,70.83,92.41
2022.766451,71.94,92.57
2022.793617,71.35,92.5
2022.820783,69.52,94.6
2022.847949,71.65,92.11
2022.875116,65.55,93.28
2022.902282,64.01,92.87
2022.929448,64.1,91.87
2022.956614,71.01,91.92
2022.98378,70.64,88.37
2023.010946,65.39,86.46
2023.038113,66.64,85.59
2023.065279,66.03,87.15
2023.092445,65.34,86.65
2023.119611,65.59,88.63
2023.146777,64.67,89.81
2023.173943,64.53,88.39